{
  "ZnoTpt7MzkCD72QtJgmLLA": 0.5714285714285714,
  "tdpz00Rcf0qS7iWvGvcnVA": 0.42857142857142855,
  "ggrgW3cjFUqW3jobZm0dHw": 0.5,
  "G-gALnA5kU2iB6PpHwpcsg": 0.42857142857142855,
  "VWUKbXRQ_kO3dVw5t90J_Q": 0.4,
  "8aEnZY2X2kmaXUyuheBM9Q": 0.4,
  "xYZRjDGecE-nMI8yR8k5NQ": 0.25,
  "uFMwXQ8aEkeDxN4YYjwHIg": 0.3333333333333333,
  "ds7yYQ3yQk2ja02IJUb3yQ": 0.3333333333333333,
  "wuGr0l7NbU-TR2-LweJf8A": 0.3333333333333333,
  "1XNySCbex0WQLWl5cL5k3Q": 0.3333333333333333,
  "VvxA_HMCuE-t6jLE8x7nAQ": 0.6666666666666666,
  "d9rqezvNyUS_DY8_huk7Bg": 0.4,
  "HIvEYqCFukKuXyyXF3e9jA": 0.5,
  "10ZUycaGVkSgNnK8kRrR2A": 0.3333333333333333,
  "iWNoGJgTGEGY3jszvaJe3g": 0.3333333333333333,
  "glPrnpBif0WHVXCNzpX2cQ": 0.3333333333333333,
  "Y6SphOfa7ESQWauB6KiHmA": 0.4,
  "5Zq6v4OVykylTtz-onnhuQ": 0.4,
  "joyDa7uFikGu-yXC-EUZjg": 0.3333333333333333,
  "ZFaozrWAf0-LX4scBb65ig": 0.25,
  "IhqS1GY6aEOZrdTweJrVRw": 0.4,
  "mXKHQQn6ok6njNMSwOhH2w": 0.4,
  "a0C3UYaKZECGDLcr8H89Sg": 0.2,
  "svFxhQj7CUWIF9S4Lyp_dw": 0.4,
  "JrXxpweThECrt4oHR2pNlw": 0.25,
  "yZJSywkBskiigdxQXY3TWw": 0.4,
  "RaW2PD0BQUOqoj3C_oQ2Ng": 0.2,
  "gNwcSEUj5kCLGLWyVaZ86A": 0.2,
  "bMaCj6yULUuru0SmWJbkSg": 0.25,
  "IzyXCGuz40GkHCOAD0Z0lQ": 0,
  "3A3SXR4Wj0OwgU8ArgeDww": 0.2,
  "3fjzqdmY6UyPX472aXTNFA": 0.25,
  "b1SPumDX7U-cBmc6_L9wZw": 0.2,
  "5uHFA3K5O02kQ5qIUCXFIA": 0.2,
  "MYkmC92hE0evNEvEHB04dA": 0.25,
  "20deEddo2UunmHyIwb1QCA": 0.2,
  "ELEAMfGFnUudNpwtww5KVA": 0.2,
  "NVWBPRTc6kizV4U-6ZI2HQ": 0,
  "WOAlWQqelEa7XNJvmjRtdA": 0,
  "B5bHEXf69EmnqPlgA7r6jQ": 0.25,
  "vmFKJdg2GEq05KNbvlyDVA": 0.16666666666666666,
  "xWWragTYok6XTrfMjIfkvA": 0.2,
  "aoYc3Zp7AE6n9PbEd7wXEA": 0,
  "yVS4_SjBcEC_u0PUaInxXA": 0.2,
  "zvDamnTKE0e-0oqcfTK4hQ": 0.5,
  "wa_sCj3Jm0qunesnesGUaw": 0.2,
  "probably_better_yuriko": 0.25,
  "h3abjMyrOU65e9nLy7WLqA": 0.2,
  "v47uJw5PUEyvB7D7QUO61A": 0.2,
  "qNXQJd5lKE2lGA4zAA2sNg": 0.25,
  "LS4Py5YSpU-ZcLyGqT5yJg": 0,
  "2Blvg5AKkkuieacY_dIkPg": 0.2,
  "RM9tBCjdsEOUQQpleGI4Gw": 0.2,
  "NQRptPARrUq_qblXl1h1eg": 0.2,
  "iOKG5cER9kWfHtCi443w-A": 0.2,
  "OuCwVpZ56U-rAAqEgLDFWw": 0.2,
  "c71Tmhm_bEuOZVuyo-EOIg": 0,
  "rTX6FNJ4kECo7vfigrj7UA": 0.2,
  "JpExDQCoAUelTLA1QY8DWA": 0.16666666666666666,
  "bnTRxUNNSEiSbMcIdXGg9Q": 0,
  "j0CK1oTWiUqQEiiwwBBnRw": 0.3333333333333333,
  "oE74if2isUObhUYoFQlo-A": 0.2,
  "8lVd_gTQbUeiI-MfQjckSw": 0,
  "m3Gz31wEskWNBEIku9fmtQ": 0,
  "IcIS4W32kkmN0hNpdTwA6w": 0.25,
  "tEaQeJ7eS0Gis2n7TqZ-wA": 0,
  "7JwhEd5rl0WcenwS3GhhAA": 0.2,
  "OoSVU384l0yuy7YNuuP1rQ": 0,
  "hoXFdFOamkWe5aDf8yjCEQ": 0,
  "mOc8ztC8_EeskYW4QwWKDA": 0,
  "fPIUGEdDnEKjz7L16vqQmg": 0,
  "EIyOQ5zIyUWTk02EHLqkBQ": 0.2,
  "JbcOdIHF_ECozeyAC7xXSw": 0.2,
  "xaKYIPN0GkyOUQ-Wrt2nwg": 0,
  "--FEUT9MGEa19AF0IcpkXA": 0,
  "YaKW-UnUPkO4k3yWUoOe7w": 0.2857142857142857,
  "__rM5R7qlUSxsnnlzJQB2w": 0,
  "Ox0OBCHzb0qktmKdSVaElA": 0,
  "7bGnDD-wdECZzPB6pWOnOA": 0,
  "Tn_1g5uR4EuD8XVMSyAd4w": 0,
  "01KhmCgK_EmpLDq3m2lc6Q": 0.16666666666666666,
  "q5Ubd5Q_HEm4Zhnyhj5aFw": 0,
  "rb2MxdSDg0S2asoaPgpmrA": 0,
  "3p4bBlgWckG98KMYdoOtjw": 0.25,
  "qDknCc_cOU-l_MWhUhzJ4w": 0,
  "y9utZL7ot0GoGfmrK42X0A": 0,
  "aBIh6vZ9_EaSFn07pr4xDQ": 0,
  "wCvROaVsAUOWMbSeDgVfPg": 0,
  "uEnAECQ1UECbjic5Aeaz_w": 0,
  "X9w-xYgL1UWS573_mumyuA": 0,
  "b7gFYSZG8UC4wAs-ALTavA": 0,
  "h-RkoxFqTUmo1nJx3Q83CA": 0,
  "YXn4BQAiO0upJPdrWNFB1g": 0,
  "SGlyuGL0sEm_iEXh1jV2rw": 0,
  "K_6nLIaUFECBTynuSwwgrA": 0,
  "Aejid0eV0ES9uFfsmV1uoA": 0,
  "WWAEB_wiYE2hNnlFq04EsQ": 0,
  "FSl0qIZJUUe3VHG0IiEghQ": 0.16666666666666666,
  "DMawpzJ-tUCFgA6eB1W70A": 0,
  "JXUdBzngukWbDboiqYt9zg": 0,
  "RRVUisptM061d_WwjP9Qhg": 0.14285714285714285,
  "C_OonotsBk27A7lGCOtuog": 0,
  "hc6htKc920y4w6b3gAbxcA": 0,
  "zub9sjwtC0mHUPvO4V7InQ": 0.14285714285714285,
  "4NX_--7WUEm17_rc2b7P9Q": 0,
  "DU4YnhxiakGO1_SArjZSHA": 0,
  "H3YwACSrmEWhA4iEpKLvIg": 0,
  "OXn0v2iLb0qfaGZ-4Oizfw": 0,
  "nk7D-S9T1EmyBZKAwmmeBQ": 0,
  "EK5DI2wlwEywxDUTmbf8BQ": 0.2,
  "4NbvuzYEGUGVwgmUt0bJpQ": 0.14285714285714285,
  "xsaRiKElU0Oaczxt_EZZAA": 0,
  "-2V3m71tYkmDFRr3k7vclA": 0,
  "elV6pD5D9ESwLJyj68uyrw": 0,
  "pGz8VVicIE6sZHs26SXe6Q": 0,
  "mUXFPl_pX0OuR836qw-aiA": 0,
  "9Bibi71SVUuLdQ2GmfUp5w": 0
}
