{
  "lRQd3XGEB0K0CKCp4gT0rg": 0.6666666666666666,
  "LHE_l01eckaNlvv1lJhh7g": 0.7142857142857143,
  "DY-b2OPSCE-JUmFxesFNaA": 0.5714285714285714,
  "pTP9pgkWEUSxUdYzn_BFQg": 0.7142857142857143,
  "JzNKIcG81k6zWB0JQAstwQ": 0.75,
  "r_WQxlo-LEi7DvBEAByDDg": 0.7142857142857143,
  "oU5xTBGuDEidmSUz6YVCDA": 0.5714285714285714,
  "GyNoY-URUEWszIUigIOTug": 0.5714285714285714,
  "Jj4DbZWzB0Wvi4P0EI8Tvw": 0.5714285714285714,
  "QkL0NKHlzUmQdXzZqnDJpQ": 0.7142857142857143,
  "jgVCHuyhK0eDIk99HQAn-w": 0.5714285714285714,
  "lgHG0ZxdbEyuOrSzut_V0A": 0.5714285714285714,
  "AZjuC4AqyE-3VDxTYG0kyg": 0.42857142857142855,
  "IUpszOypXEqCzQ4r8ByIIg": 0.5,
  "dJG9cAGwyky-PNk1ElvTbQ": 0.2,
  "0qIZRrmbIk2YhYuUgvzV7A": 0.42857142857142855,
  "fc9Q7wbYdkqCpU6MhN6uaQ": 0.2,
  "eIAJ8Bg2d0igF7-Q9bqDPg": 0.5,
  "PAXrfgpn1UWvxMsIhVsiLA": 0.7142857142857143,
  "5Rn5KhaXEEukaN1sPhwPDQ": 0.5555555555555556,
  "ut7r1PSZVUKMmaslK7_KOw": 0.3333333333333333,
  "mmrVbjFqg0C-ReaCQBdgRQ": 0.5555555555555556,
  "oUF2bohHikuS2mfV2jAbnA": 0.5714285714285714,
  "2PH-0MxUjkuvOP6zPDKlug": 0.42857142857142855,
  "9JhoG7-ZbkiYjL2DQJE-JA": 0.2,
  "EkeCwjXqsEyN0YhEaJ1_LA": 0.42857142857142855,
  "rtrLpuzYWESc9vOFkp0OPA": 0.375,
  "u4F01IaLDU-s5XiLTx961Q": 0.5714285714285714,
  "hR2FsOcFN02gEt1e4l-WNw": 0.2,
  "cem0Gp1QC0y37ruaCEgfLQ": 0.42857142857142855,
  "TWfCuV9GPkaFpjj-w_bzvA": 0.4444444444444444,
  "PbIpkYYkEUacELCDewf1vQ": 0.4444444444444444,
  "eSfRiqD2f0GSuWBZd_WKHQ": 0.4444444444444444,
  "GTAH082FIE2LRs-Zc48H6w": 0.42857142857142855,
  "hy7iJKSUVE27et8ZeUCUBQ": 0.42857142857142855,
  "LE4jCuVK10WAnAXiWq4lGg": 0.5714285714285714,
  "Qtsg8GAK8USYBxOfhpAajQ": 0.42857142857142855,
  "gDYKDGYxBU6oGZ4wWX1mDA": 0.42857142857142855,
  "S792Vz2Lj0OMh5yBCI46oA": 0.2,
  "NM-etUouDke2iaICVb9_gg": 0.2,
  "QQL1H44mNE6GjIgqWRgGeA": 0.42857142857142855,
  "5mrbhrI4EEqEyZRGTx1Huw": 0.375,
  "debGb_X5yUyJVTjBNU_ouA": 0.4444444444444444,
  "sfsw1s76AEmrAqeGIT8O1g": 0.4444444444444444,
  "XtOruYVVu0CDmDzqaKTtkA": 0.4444444444444444,
  "BRUY7fYj0EaiVS3qX2ZOQw": 0.3333333333333333,
  "RGwoxH4fjU2GV3X5JQoH5Q": 0.42857142857142855,
  "lEUf2YA5f0iIk27nSK7UEg": 0.42857142857142855,
  "Cxs6zwS1cE2P8lb7cQ1RxA": 0.42857142857142855,
  "YAGWo_aMeECUOz7_ahjRLw": 0.4,
  "0C54MZWQgEuj3px7sm9ByA": 0.2,
  "FdonLPncjESCt_8bJIDawg": 0.5,
  "EGFaHcqzaECQQX1y11uRlg": 0.2,
  "xUDZO41Qz02Q_wEihu4yxA": 0.42857142857142855,
  "2dpQixlEq0mGaXEMVnw2rg": 0.42857142857142855,
  "IKbY8Xg-LEKEjFhx9lWB2Q": 0.5,
  "k_L61i_kuU2gLEG7kvRMCQ": 0.5,
  "qSm2PVSSI0u7IY8i5pmINg": 0.5,
  "Fb2-f-i2fE6sk9sC7tCVSA": 0.5,
  "gZ7EQvwIrEOVInw22hhvmQ": 0.6666666666666666,
  "3fAzLKILy0CV150iYfZACQ": 0.5,
  "pbDtVl4Sm0CmSv-uPCWDxA": 0.5,
  "oRJ-Q50fnkKBYRI78GWxSA": 0.5,
  "S8ZGxHJpEkOUl038CwHvdg": 0.4,
  "jYP1VkHZBkWZdgXZyW0WAg": 0.3333333333333333,
  "kLjA3fk0f0uxQZQJ_A1Fdg": 0.2,
  "KFEmLJn3akW2-u1RHOA4OQ": 0.5,
  "U1-DLzLrdU-ah2iDFWfr9Q": 0.2,
  "kCpMbJqeo0C-hGpmvRh11A": 0.5,
  "VFWayYc6aE60erpCr3YXvQ": 0.4,
  "FcmOvowlMEKAsWLNmAeSdA": 0.5,
  "mA_AnfXQzUuFIW8ySK6dlA": 0.2857142857142857,
  "6GFcMTVLoEObBHfSDknymg": 0.16666666666666666,
  "S0IHvfttCkqqQbv_iW_cew": 0.5,
  "fZP36JyMFUOamaL3GGgRaA": 0.5,
  "99trRFraB0W5-Pr5iTp-UQ": 0.42857142857142855,
  "LUmOUwKg9EqewJEONCMiCQ": 0.3333333333333333,
  "AlRRmQzZRkGzTEb5RnYQsg": 0.2,
  "ESjCkcOaN0W4CtkhWFlUmg": 0.3333333333333333,
  "YqyACQG68Uu4MX7qriv74w": 0.5,
  "gn7AKMBE3E6Bi8efxf4Rtg": 0.375,
  "ewCbsWPNDE2n-c2nTxbqZg": 0.4,
  "bcyMqe15QkeN1XKjRND6dw": 0.2,
  "SLW-A-hWJk2ykOS1cgfGtA": 0.375,
  "NRfAopgsuEeN32scnBcaLw": 0.42857142857142855,
  "s5Uw1O9KQEK2BtWRuekovg": 0.3333333333333333,
  "APYAkClfokmAZa6RsdN3rQ": 0.3333333333333333,
  "lH62HFIWA0WgWxa_nqd92g": 0.5,
  "ekpMHo8aPEavYCUeVhIcoQ": 0.3333333333333333,
  "ZMIkQeqmYkmTPdnK_aDI0w": 0.2,
  "ftuV5PgiSEOBAi9arnMggg": 0.3333333333333333,
  "aDS-J7PWqUK7zBETa2PU8Q": 0.3333333333333333,
  "aI1dT8HHE0Wxz0zVkGuU5Q": 0.5,
  "_0eJo_h-ck-ybZ8eUOWQyA": 0.375,
  "95qv9nRzR0e-gvV5v5Zx_g": 0.3333333333333333,
  "q2FUIDRJNUObg8veX3jfAw": 0.2857142857142857,
  "mA-yMnmAn0yuq-OtVpR9dg": 0.3333333333333333,
  "xvfmQ60rXUuW-ahGFe5qUA": 0.3333333333333333,
  "r-qwYuErP0iDS2WlhdgdHA": 0.4,
  "rnCfTqSMFkaqk_H3PcZmuA": 0.4,
  "DyIrWUzsNUiyRoMf1bXB5w": 0.375,
  "xqxLr_s7MkWR2phMIGBP3A": 0.375,
  "LLKweKpM5kSoxO9wGtqHnA": 0.375,
  "KeLdGjyb8Uayc-DrayR_lg": 0.3333333333333333,
  "Ejdh8xaeVkGtQRQB65j2QA": 0.375,
  "ptVbJxu4QUCTWy8Jaquy8A": 0.3333333333333333,
  "7O1sCuIti0igU6Us_Jhadg": 0.2857142857142857,
  "z45PA6gBq0qrGERJdnEong": 0.3333333333333333,
  "gGy2uivfxkiaLcDslHlQQA": 0.3333333333333333,
  "ZpfiqBJr0kixBHpLnogmSA": 0.2857142857142857,
  "SG2Hn3UuH06iGIK76U1aFw": 0.2,
  "XU3w3nvvS0aEe_BPB8Vr5w": 0.25,
  "KqSuVEhu6UG-rwH7Hv1gUg": 0.2,
  "0N_3ANLT3EiM2vOH2wcfUg": 0.2,
  "sex9Y4CXrkS-L-lClmJ9Uw": 0.3333333333333333,
  "ESbHWBDK5Umisxu2fR9JNg": 0.375,
  "Il0xlE-7JEGc7gied4tuEQ": 0.16666666666666666,
  "Dc_gKz5oVEaRaYY93F-gMw": 0.375,
  "EBYsfAD4nE2eqQNp3SFYiw": 0.3333333333333333,
  "HDZejMGMnEK7pdCzf_gIRw": 0.3333333333333333,
  "5uGnLlF64ECDGXYxXF5RgA": 0.3333333333333333,
  "xQBtJfelCEmgMHNjb5JJcw": 0.3333333333333333,
  "a7KQ5jPmhUy1CNASYQIDrQ": 0.3333333333333333,
  "yo5HzYjq60yEmMmYJN5Qrw": 0.25,
  "A3CvcZs9b0SeN9zRCctddg": 0.3333333333333333,
  "jrir5aE51kCvMn7dlyDA_g": 0.3333333333333333,
  "oM407JwULk27PsC7cyLxKA": 0.3333333333333333,
  "pVZG6tT1FUS-_t6KBn_NMw": 0.375,
  "2go3Svr3tUuRWnAl3sI2Gw": 0.375,
  "OKN52sFr9EaN7Ms2Do2bBA": 0.3333333333333333,
  "K2wLlrV14k-nvQYuDan1Rg": 0.3333333333333333,
  "o53ifs0QpkSUiks6D8xx9A": 0.3333333333333333,
  "Cv4vANtEcECIuJJHWuRkdg": 0.3333333333333333,
  "Aqj7Zs9rx063uol4QTv4Qw": 0.3333333333333333,
  "rrDiCEEwm0Khkuv9vzdW_w": 0.3333333333333333,
  "eR7MppkjBk-Yf_fLJkqGHg": 0.4,
  "4a-iwKB3t02epwoKs3mOOg": 0.3333333333333333,
  "eukrS6IvzkKx-ASaXylZKg": 0.4,
  "ekgPcCiXBUO4ONiEqnp49A": 0.2,
  "vIV7lJLuk0yivgt0NfsxYQ": 0.3333333333333333,
  "HKfeTRcb402BaweHCR5trg": 0.375,
  "HlRu56VmwU6dtwwkASUymQ": 0.3333333333333333,
  "zaRCatPS_UWfLrFieTEoQA": 0.3333333333333333,
  "Lv0m38INikiO133vk3IrSg": 0.3333333333333333,
  "sBoITubSzEK-wyJ6gpMx2A": 0.3333333333333333,
  "YEb8ehGkyEGOFWCqtgxLmQ": 0.2857142857142857,
  "pAVR0UMgXUWBJPmN2stInw": 0.3333333333333333,
  "a1NH_VfEo0yGiq6RO8NVFQ": 0.375,
  "NqUdWfSi702b7wfdRot1Yw": 0.3333333333333333,
  "KET2KtNP_k-etkOYAnc4Xg": 0.3333333333333333,
  "Jut2fKf-_UaUOCc6WvKD5w": 0.3333333333333333,
  "lsMtxWQeUkuI9HS-ZRy65g": 0.3333333333333333,
  "mRwsFMYgp0mdYt969P8AMg": 0.3333333333333333,
  "seyJpV2FJ0KzeJZ1ELVzrA": 0.3333333333333333,
  "xIczr0WRsUyyAhZPywi_Ug": 0.25,
  "35J9PEHN7ki1t1QdY8cQgw": 0.375,
  "KqSbaFbZr0GYssVzVXHvuw": 0.375,
  "-QzObEA2RkC--9iD7sp-zA": 0.3333333333333333,
  "kgJKysEfckmMe-A5PQnLUA": 0.3333333333333333,
  "VbGgakxrEEOfpi2q2X1SZQ": 0.3333333333333333,
  "liPgYVmqh0uXlEOazPzQUQ": 0.3333333333333333,
  "_cnSFSDw10igBDRq1hFwVg": 0.25,
  "Aw53nB8DPE-61ZWpqhZfJA": 0.3333333333333333,
  "dhnYRouEjUymMzkqIbwWxQ": 0.3333333333333333,
  "OEP-L6V51UiKyVAWx3CEIw": 0.3333333333333333,
  "qFWUFvdHzE-wqUIbCjO7IA": 0.2,
  "ihurEbtWI0yWqmV4zvBy0A": 0.3333333333333333,
  "VCcJImktJUeqeEBjSM2aAg": 0.3333333333333333,
  "Qfk187reJUmrvthXi72WKg": 0.42857142857142855,
  "tBWw5afjOky8gNMoQvEOGw": 0.4,
  "94X_DAraqk6kr-QhhgwBaw": 0.3333333333333333,
  "orhsK9nk_UeJdSVuJ_phOA": 0.3333333333333333,
  "DsxL4gLuq02Kn1bpzqgAOw": 0.25,
  "glFu9Da7ekKdnkT6uMQkHg": 0.2857142857142857,
  "eMGqLLKQ-EyhNEzmn7MzNg": 0.42857142857142855,
  "G6CCPyJre0iNA_0BeAqoyA": 0.4,
  "1lFfQjBCh0m8eIoRU0alFg": 0.4,
  "4VtQcSZAaEOizVPls6ygGw": 0.4,
  "v9JFWA1V902LhDes_lJOgg": 0.4,
  "uTHVnCE8dkCglt6CLliW6Q": 0.3333333333333333,
  "G9aDAKEjq0SVZoXo4bTsrA": 0.3333333333333333,
  "zZWRXZUJfUGeupObsmqQ2A": 0.25,
  "sl6HOfwW5EmorQC0wsmnxQ": 0.25,
  "wlRHOpbXA0WFy7s4Yq3WyQ": 0.25,
  "PlrJEgdvq0qAPkDxZMVClA": 0.3333333333333333,
  "3BsGa_-tyE6KeXmYw_STaQ": 0.4,
  "On_FEURHjkCP0rGAGfQqbQ": 0.3333333333333333,
  "SDFLaecCokqODmEO9O-B6w": 0.4,
  "xfvi8skRWUuKit6N2nIo4w": 0.4,
  "9MAjhr4JjkqZzM8C-dPv0A": 0.4,