{
  "oJPe-WHL-U2bEkw4th4KmQ": 0.5714285714285714,
  "fiaMKV4ZPUeytx6lCB02zg": 0.6666666666666666,
  "RzgniNCSE0CyA1TTpElw-w": 0.8,
  "oIk3-nEkK0eYozE3IXR4nw": 0.5,
  "D5HUFkDR2kmJgfqoemPj5A": 0,
  "BmzX-eA0XEGMfAv39XULJw": 0.7142857142857143,
  "kqkJQCpcp0KK2LWLya3T-w": 0.42857142857142855,
  "9H7AA8pMZE64PdmybKkznw": 0.4,
  "wfqKJW9lSkyhrt-cSk82Zg": 0.4,
  "3VotNTko40OJ7aC9Ba8Vtw": 0.6,
  "iOojMxCYQU2gbPhxn6Iveg": 0.3333333333333333,
  "5QayNQ4ie0WCH1wt_efFvQ": 0.3333333333333333,
  "SkjrBT12C02iNQaARRqihg": 0.375,
  "2PehOcbQ7U2dgXzj_yDOgw": 0.3333333333333333,
  "5yiutHQlsUqsiXMfa2_8tw": 0.375,
  "cNdzOTQTmEiCHFUCwMlVDA": 0.2,
  "B9tBGVNrs0Wa5nkYNHWT7g": 0.4,
  "nGlCe-S_bkKZ8U8D9nlwYw": 0.3333333333333333,
  "4IqVgqT_wk6GarOc8z7nQw": 0.3333333333333333,
  "LJpsT2lopUiYtWMK6VtNbw": 0.42857142857142855,
  "GFre1Sw9C0GrIgUNmNPx6g": 0.3333333333333333,
  "ka104_ZGlESbW_hLQ7zW9g": 0.25,
  "l_WzomUf-k6riUOlDopLgA": 0.3333333333333333,
  "MuDtyJqXeU2-nbV1QFjg3w": 0.25,
  "lJgNTR61H0-NsGvSMFuhgQ": 0.42857142857142855,
  "bCwgbZXk7Ue1SJd_y4pdcA": 0.4,
  "q5ZgWwXwdkmhvN5ObRtrbQ": 0.4,
  "GmDrooeBk0iqWywdse-wYw": 0.3333333333333333,
  "rPrXDjJEbUWGLY0kuKABVQ": 0.25,
  "TeuXQPQUQEqkHLouboKMgQ": 0.42857142857142855,
  "z9Y9Upnkv0eDP0WBATo0ng": 0.4,
  "nI5VtRv6jEqey9E4iaE7fw": 0.25,
  "TwDmf87kw02oIa6SjrX8OQ": 0.2,
  "62ZVCvFPyEqgfhIFIa0AYg": 0.4,
  "J9FA8-lD7U-5kaUW-uLKjA": 0.2,
  "i8gDThDA706sb5KYtBdEOw": 0.4,
  "R4pM4hLhxUWVynuOae5G-A": 0.2,
  "6XJujW2YDUGKRaglGOBbYg": 0.2,
  "5Gkvoue-r0iMcE75d9jN1w": 0.2,
  "jD2oBHuur0GgDgaLLL4Q8w": 0.2,
  "VWRF6JNHckafFzLQYC11lQ": 0.2,
  "CYoHC69k8kq20nrSLl3oDg": 0,
  "_UU65w1qKEGeZv9E84LtZg": 0,
  "OICpwX8gCk-trZiPV5wxSw": 0.4,
  "PsmCBvkyS0mM5uF6bAqpVA": 0.2,
  "QGYA7T1bukC2PH5CPzhzFA": 0.2,
  "ZF_OvlzRYkmP34D7ZnE4WA": 0.2,
  "mV_pKXYmXEyAecHuJSjXfw": 0.2,
  "2Elj-pIUMUaWH7RsymcezA": 0,
  "dq0zcgIsQUO6Rdir0F9i1g": 0.25,
  "fsdKyyT0ZUuS5GOb1-EL5A": 0,
  "bssqLetlbkq85qe88oSAxA": 0.14285714285714285,
  "QOkwO-ZobU-mVttUPsYgZg": 0.2857142857142857,
  "Bwc7-VnGCEq631R9zRimSQ": 0.2,
  "fvJ4jzm2D0aQbCQoluHQHg": 0.25,
  "R6K36Viu6kel2udhmVTgNw": 0.2,
  "KdMkDLUB10KbPAPdvgbMyw": 0.2,
  "mD95onpJ4U2TPK3R2a3jGA": 0.25,
  "janmxo3DmEmeQmCaFmHepg": 0.2857142857142857,
  "ZsSsl6bSbEyKCD2OPF_FpQ": 0.2,
  "YcYlR656Dk2Dj3OqHZTQfQ": 0.2,
  "rHoyb-fMxkef7r2El9gr3A": 0,
  "4OQqpsTt6EaB6NYz8ObjDA": 0.2,
  "ianqupfboUSQpanuMJyI4Q": 0.2,
  "t76miJmlp0iFpKxn6K5MCA": 0.2857142857142857,
  "qDNYbLC_iUCJDboEyGTnFQ": 0.16666666666666666,
  "dlVTBclgD0KCKf4gw-OqFQ": 0.2,
  "-jEx4YRVQkGPIAiQ__RAMw": 0.2,
  "jpepC0NJSEK8twwaKbAUUQ": 0,
  "bQLHImy_-EGL98-APVraEg": 0,
  "-VjYDKUl4ESwtbBcbt9SLw": 0,
  "7DNNnWh7UESo5PUdSvL69Q": 0.2,
  "cLVXm8nuVkKgscfFpGLPnw": 0.2,
  "Td7WqE4ClUK7A-PqJsB4bA": 0,
  "kEQKCPFZCUK9rujfggvx3Q": 0,
  "guImNgzUiUaQkd33buw9PA": 0,
  "CJE5ScwQgUC_j-fDb0VUTA": 0.2,
  "NdswOZrRTUGCtUv0NeolHg": 0.2,
  "iA9p9b7nhEuwp5ek4KmWuw": 0,
  "lAyWPo70WEyFLAf2_DEm8A": 0,
  "okepjvIYb02OI1O5pk8VEg": 0,
  "u1-GhLaalUOItGQP7IBaig": 0,
  "_aT0rDf0CEC3lvjinT8vlQ": 0,
  "tM-ClyiW5023UNzUMeBSHw": 0,
  "B64DKv9SOk2TW5UkRBsigA": 0.2,
  "jYBQPJcOokeuCPELIm6iBA": 0,
  "HzN5mraqrU2puM0-mEI3Fg": 0.16666666666666666,
  "hsqHI6w_aEOZTIunOHrHgQ": 0,
  "N98CDC7QIEKJlbftg82xLQ": 0,
  "e6cJsyoFh0KAwe1jPZWtQw": 0,
  "l5FSm671H0GC_ZVc3nTmWQ": 0,
  "puMwmtIQm0S_2iVLQDkuqQ": 0,
  "Oj-2VdzZdUa8MR504CUR6g": 0.3333333333333333,
  "TPehyqjiSEukSX0HQIzi9Q": 0.2,
  "Vh51F2_1_kSxolaOFPMW6w": 0,
  "4jJxNOisRU2_5uuVIEosOw": 0,
  "3j22BfSb4ES5dQAo3weKIw": 0,
  "bqwjVUC7jkCXEItETZhRqQ": 0.16666666666666666,
  "w1tjljGSTkmh9egE_9qOiA": 0,
  "3C1zQs0Bd0ubMPvnlR578Q": 0,
  "d5l-762j4E-0J3LgHfYiRA": 0,
  "24DgDC_dZkepe4hh8Df6wQ": 0,
  "ASIMYc-afkaIQPbUNqyRTQ": 0.2,
  "2FVZ3LdwCkG9oSSm_755kg": 0,
  "hJ_X_oFTIEeMtTSmAJm_5A": 0,
  "VVimM0qoKkGe4h9eFdR39g": 0,
  "3U378tlL2k25HiHexRyBDA": 0,
  "9EQ539lroUeBkED67oeXew": 0
}
